kind,exam_id,examination,conducting_body,file,requirement_id,what_we_hold_now,what_is_missing,what_would_settle_it,source_we_hold,YOUR_published_value,YOUR_exact_passage_from_the_notice,YOUR_source_url,YOUR_page_or_section,YOUR_date_checked,YOUR_notes
not_yet_supported,all-india-sainik-schools-entrance-examination,All India Sainik Schools Entrance Examination,National Testing Agency,Candidate photograph,candidate_photograph,not_found,"The file's size limit (KB) and accepted formats, or confirmation that the portal takes it as an upload",The upload instructions for this file in the current notice or portal guide,https://exams.nta.ac.in/AISSEE/,,,,,,
estimated_value,all-india-sainik-schools-entrance-examination,All India Sainik Schools Entrance Examination,National Testing Agency,Candidate signature,candidate_signature,"min 10 KB, max 20 KB, jpg (ours: file_size.maximum_bytes, file_size.minimum_bytes, formats.allowed_formats)",The published size limit and size limit and accepted formats,This file's upload instructions in the current notice,https://exams.nta.ac.in/AISSEE/,,,,,,
estimated_value,all-india-sainik-schools-entrance-examination,All India Sainik Schools Entrance Examination,National Testing Agency,Thumb impression (where the active form requests it),thumb_impression_where_the_active_form_requests_,"min 20 KB, max 50 KB, jpg (ours: file_size.maximum_bytes, file_size.minimum_bytes, formats.allowed_formats)",The published size limit and size limit and accepted formats,This file's upload instructions in the current notice,https://exams.nta.ac.in/AISSEE/,,,,,,
estimated_value,all-india-sainik-schools-entrance-examination,All India Sainik Schools Entrance Examination,National Testing Agency,Category/PwD/supporting certificate(s) (conditional),category_pwd_supporting_certificate_s_conditiona,max 400 KB (ours: file_size.maximum_bytes),The published size limit,This file's upload instructions in the current notice,https://exams.nta.ac.in/AISSEE/,,,,,,
no_researched_fact,all-india-sainik-schools-entrance-examination,All India Sainik Schools Entrance Examination,National Testing Agency,Worth knowing,,Nothing shown,"3-6 facts about the examination itself (candidates, process, structure, history), each with its passage and publisher",See docs/research-requests facts prompt,https://exams.nta.ac.in/AISSEE/,,,,,,
photograph_no_pixel_size,andhra-pradesh-teacher-eligibility-test,Andhra Pradesh Teacher Eligibility Test,Department of School Education Andhra Pradesh,Photograph,candidate_photograph,"max 50 KB, jpeg","Pixel width x height (and whether mandatory or preferred), any cm size, any dpi",The photograph section of the current information bulletin or notice,https://aptet.apcfss.in/Documents/Information_Bulletin_2024_New.pdf,,,,,,
not_yet_supported,ap-mega-dsc-teacher-recruitment,AP Mega DSC Teacher Recruitment,Government of Andhra Pradesh,Candidate photograph,candidate_photograph,not_found,"The file's size limit (KB) and accepted formats, or confirmation that the portal takes it as an upload",The upload instructions for this file in the current notice or portal guide,https://apdsc.apcfss.in/,,,,,,
estimated_value,ap-mega-dsc-teacher-recruitment,AP Mega DSC Teacher Recruitment,Government of Andhra Pradesh,Candidate signature,candidate_signature,"min 10 KB, max 20 KB, jpg (ours: file_size.maximum_bytes, file_size.minimum_bytes, formats.allowed_formats)",The published size limit and size limit and accepted formats,This file's upload instructions in the current notice,https://apdsc.apcfss.in/,,,,,,
not_yet_supported,ap-mega-dsc-teacher-recruitment,AP Mega DSC Teacher Recruitment,Government of Andhra Pradesh,Educational/TET/category/PwD supporting documents (conditional),educational_tet_category_pwd_supporting_document,not_found,"The file's size limit (KB) and accepted formats, or confirmation that the portal takes it as an upload",The upload instructions for this file in the current notice or portal guide,https://apdsc.apcfss.in/,,,,,,
not_yet_supported,ap-polycet,AP POLYCET,State Board of Technical Education and Training Andhra Pradesh,Candidate photograph,candidate_photograph,not_found,"The file's size limit (KB) and accepted formats, or confirmation that the portal takes it as an upload",The upload instructions for this file in the current notice or portal guide,https://polycetap.nic.in/,,,,,,
estimated_value,ap-polycet,AP POLYCET,State Board of Technical Education and Training Andhra Pradesh,Candidate signature,candidate_signature,"min 10 KB, max 20 KB, jpg (ours: file_size.maximum_bytes, file_size.minimum_bytes, formats.allowed_formats)",The published size limit and size limit and accepted formats,This file's upload instructions in the current notice,https://polycetap.nic.in/,,,,,,
not_yet_supported,appsc-forest-beat-officer-assistant-beat-officer-2025,APPSC Forest Beat Officer / Assistant Beat Officer 2025,Andhra Pradesh Public Service Commission,Candidate photograph,candidate_photograph,Uploaded candidate photograph.,"The file's size limit (KB) and accepted formats, or confirmation that the portal takes it as an upload",The upload instructions for this file in the current notice or portal guide,https://psc.ap.gov.in/Documents/NotificationDocuments/FBO_ABO_Notification_14072025.pdf,,,,,,
estimated_value,appsc-forest-beat-officer-assistant-beat-officer-2025,APPSC Forest Beat Officer / Assistant Beat Officer 2025,Andhra Pradesh Public Service Commission,Candidate signature,candidate_signature,"min 10 KB, max 20 KB, jpg (ours: file_size.maximum_bytes, file_size.minimum_bytes, formats.allowed_formats)",The published size limit and size limit and accepted formats,This file's upload instructions in the current notice,https://psc.ap.gov.in/Documents/NotificationDocuments/FBO_ABO_Notification_14072025.pdf,,,,,,
estimated_value,appsc-forest-beat-officer-assistant-beat-officer-2025,APPSC Forest Beat Officer / Assistant Beat Officer 2025,Andhra Pradesh Public Service Commission,Claim-supporting certificates,claim_supporting_certificates,max 400 KB (ours: file_size.maximum_bytes),The published size limit,This file's upload instructions in the current notice,https://psc.ap.gov.in/Documents/NotificationDocuments/FBO_ABO_Notification_14072025.pdf,,,,,,
not_yet_supported,appsc-group-i-services-examination,APPSC Group I Services Examination,Andhra Pradesh Public Service Commission,OTPR/profile photograph,otpr_profile_photograph,not_found,"The file's size limit (KB) and accepted formats, or confirmation that the portal takes it as an upload",The upload instructions for this file in the current notice or portal guide,https://psc.ap.gov.in/,,,,,,
estimated_value,appsc-group-i-services-examination,APPSC Group I Services Examination,Andhra Pradesh Public Service Commission,OTPR/profile signature,otpr_profile_signature,"min 10 KB, max 20 KB, jpg (ours: file_size.maximum_bytes, file_size.minimum_bytes, formats.allowed_formats)",The published size limit and size limit and accepted formats,This file's upload instructions in the current notice,https://psc.ap.gov.in/,,,,,,
not_yet_supported,appsc-group-ii-services-examination,APPSC Group II Services Examination,Andhra Pradesh Public Service Commission,OTPR/profile photograph,otpr_profile_photograph,not_found,"The file's size limit (KB) and accepted formats, or confirmation that the portal takes it as an upload",The upload instructions for this file in the current notice or portal guide,https://psc.ap.gov.in/,,,,,,
estimated_value,appsc-group-ii-services-examination,APPSC Group II Services Examination,Andhra Pradesh Public Service Commission,OTPR/profile signature,otpr_profile_signature,"min 10 KB, max 20 KB, jpg (ours: file_size.maximum_bytes, file_size.minimum_bytes, formats.allowed_formats)",The published size limit and size limit and accepted formats,This file's upload instructions in the current notice,https://psc.ap.gov.in/,,,,,,
not_yet_supported,assam-direct-recruitment-grade-iii,Assam Direct Recruitment Grade III,State Level Recruitment Commission Assam,Candidate photograph,candidate_photograph,not_found,"The file's size limit (KB) and accepted formats, or confirmation that the portal takes it as an upload",The upload instructions for this file in the current notice or portal guide,https://slrcg3.sebaonline.org/,,,,,,
estimated_value,assam-direct-recruitment-grade-iii,Assam Direct Recruitment Grade III,State Level Recruitment Commission Assam,Candidate signature,candidate_signature,"min 10 KB, max 20 KB, jpg (ours: file_size.maximum_bytes, file_size.minimum_bytes, formats.allowed_formats)",The published size limit and size limit and accepted formats,This file's upload instructions in the current notice,https://slrcg3.sebaonline.org/,,,,,,
not_yet_supported,assam-direct-recruitment-grade-iv,Assam Direct Recruitment Grade IV,State Level Recruitment Commission Assam,Candidate photograph,candidate_photograph,not_found,"The file's size limit (KB) and accepted formats, or confirmation that the portal takes it as an upload",The upload instructions for this file in the current notice or portal guide,https://slrcg4.sebaonline.org/,,,,,,
estimated_value,assam-direct-recruitment-grade-iv,Assam Direct Recruitment Grade IV,State Level Recruitment Commission Assam,Candidate signature,candidate_signature,"min 10 KB, max 20 KB, jpg (ours: file_size.maximum_bytes, file_size.minimum_bytes, formats.allowed_formats)",The published size limit and size limit and accepted formats,This file's upload instructions in the current notice,https://slrcg4.sebaonline.org/,,,,,,
not_yet_supported,bihar-b-ed-common-entrance-test,Bihar B.Ed Common Entrance Test,Lalit Narayan Mithila University / Bihar CET-B.Ed,Candidate photograph,candidate_photograph,not_found,"The file's size limit (KB) and accepted formats, or confirmation that the portal takes it as an upload",The upload instructions for this file in the current notice or portal guide,https://biharcetbed-lnmu.in/,,,,,,
estimated_value,bihar-b-ed-common-entrance-test,Bihar B.Ed Common Entrance Test,Lalit Narayan Mithila University / Bihar CET-B.Ed,Candidate signature,candidate_signature,"min 10 KB, max 20 KB, jpg (ours: file_size.maximum_bytes, file_size.minimum_bytes, formats.allowed_formats)",The published size limit and size limit and accepted formats,This file's upload instructions in the current notice,https://biharcetbed-lnmu.in/,,,,,,
not_yet_supported,bihar-d-el-ed-joint-entrance-examination,Bihar D.El.Ed Joint Entrance Examination,Bihar School Examination Board,Candidate photograph,candidate_photograph,not_found,"The file's size limit (KB) and accepted formats, or confirmation that the portal takes it as an upload",The upload instructions for this file in the current notice or portal guide,https://bceceboard.bihar.gov.in/pdf_Adv/ADV_DLE25_01.pdf,,,,,,
estimated_value,bihar-d-el-ed-joint-entrance-examination,Bihar D.El.Ed Joint Entrance Examination,Bihar School Examination Board,Hindi signature,hindi_signature,"min 10 KB, max 20 KB, jpg (ours: file_size.maximum_bytes, file_size.minimum_bytes, formats.allowed_formats)",The published size limit and size limit and accepted formats,This file's upload instructions in the current notice,https://bceceboard.bihar.gov.in/pdf_Adv/ADV_DLE25_01.pdf,,,,,,
estimated_value,bihar-d-el-ed-joint-entrance-examination,Bihar D.El.Ed Joint Entrance Examination,Bihar School Examination Board,English signature,english_signature,"min 10 KB, max 20 KB, jpg (ours: file_size.maximum_bytes, file_size.minimum_bytes, formats.allowed_formats)",The published size limit and size limit and accepted formats,This file's upload instructions in the current notice,https://bceceboard.bihar.gov.in/pdf_Adv/ADV_DLE25_01.pdf,,,,,,
not_yet_supported,bihar-police-constable-recruitment,Bihar Police Constable Recruitment,"Central Selection Board of Constable, Bihar",Candidate photograph,candidate_photograph,not_found,"The file's size limit (KB) and accepted formats, or confirmation that the portal takes it as an upload",The upload instructions for this file in the current notice or portal guide,https://csbc.bihar.gov.in/,,,,,,
estimated_value,bihar-police-constable-recruitment,Bihar Police Constable Recruitment,"Central Selection Board of Constable, Bihar",Candidate signature,candidate_signature,"min 10 KB, max 20 KB, jpg (ours: file_size.maximum_bytes, file_size.minimum_bytes, formats.allowed_formats)",The published size limit and size limit and accepted formats,This file's upload instructions in the current notice,https://csbc.bihar.gov.in/,,,,,,
not_yet_supported,bihar-secondary-teacher-eligibility-test,Bihar Secondary Teacher Eligibility Test,Bihar School Examination Board,Candidate photograph,candidate_photograph,not_found,"The file's size limit (KB) and accepted formats, or confirmation that the portal takes it as an upload",The upload instructions for this file in the current notice or portal guide,https://secondary.biharboardonline.com/,,,,,,
estimated_value,bihar-secondary-teacher-eligibility-test,Bihar Secondary Teacher Eligibility Test,Bihar School Examination Board,Candidate signature,candidate_signature,"min 10 KB, max 20 KB, jpg (ours: file_size.maximum_bytes, file_size.minimum_bytes, formats.allowed_formats)",The published size limit and size limit and accepted formats,This file's upload instructions in the current notice,https://secondary.biharboardonline.com/,,,,,,
not_yet_supported,bits-admission-test,BITS Admission Test,Birla Institute of Technology and Science Pilani,Recent passport-size photograph,recent_passport_size_photograph,not_found,"The file's size limit (KB) and accepted formats, or confirmation that the portal takes it as an upload",The upload instructions for this file in the current notice or portal guide,https://www.bitsadmission.com/bitsat/download/BITSAT-2025_brochure.pdf?21012025=,,,,,,
estimated_value,bits-admission-test,BITS Admission Test,Birla Institute of Technology and Science Pilani,Candidate signature,candidate_signature,"min 10 KB, max 20 KB, jpg (ours: file_size.maximum_bytes, file_size.minimum_bytes, formats.allowed_formats)",The published size limit and size limit and accepted formats,This file's upload instructions in the current notice,https://www.bitsadmission.com/bitsat/download/BITSAT-2025_brochure.pdf?21012025=,,,,,,
estimated_value,bpsc-online-application,BPSC Online Application,Bihar Public Service Commission,Claim-supporting certificates,claim_supporting_certificates,max 400 KB (ours: file_size.maximum_bytes),The published size limit,This file's upload instructions in the current notice,https://bpsconline.bihar.gov.in/downloads/Instruction_Online_Application.pdf,,,,,,
estimated_value,bpsc-online-application,BPSC Online Application,Bihar Public Service Commission,Candidate signature (English),candidate_signature_english,"max 20 KB, jpg (ours: formats.allowed_formats)",The published accepted formats,This file's upload instructions in the current notice,https://bpsconline.bihar.gov.in/downloads/Instruction_Online_Application.pdf,,,,,,
estimated_value,bpsc-online-application,BPSC Online Application,Bihar Public Service Commission,Candidate signature (Hindi),candidate_signature_hindi,"max 20 KB, jpg (ours: formats.allowed_formats)",The published accepted formats,This file's upload instructions in the current notice,https://bpsconline.bihar.gov.in/downloads/Instruction_Online_Application.pdf,,,,,,
estimated_value,bpsc-teacher-recruitment-examination-tre,BPSC Teacher Recruitment Examination (TRE),Bihar Public Service Commission,English signature,english_signature,"max 20 KB, jpg (ours: formats.allowed_formats)",The published accepted formats,This file's upload instructions in the current notice,https://bpsc.bihar.gov.in/wp-content/uploads/BPSC_content/Notices/NB-2025-06-19-02.pdf,,,,,,
estimated_value,bpsc-teacher-recruitment-examination-tre,BPSC Teacher Recruitment Examination (TRE),Bihar Public Service Commission,Hindi signature,hindi_signature,"max 20 KB, jpg (ours: formats.allowed_formats)",The published accepted formats,This file's upload instructions in the current notice,https://bpsc.bihar.gov.in/wp-content/uploads/BPSC_content/Notices/NB-2025-06-19-02.pdf,,,,,,
estimated_value,bpsc-teacher-recruitment-examination-tre,BPSC Teacher Recruitment Examination (TRE),Bihar Public Service Commission,Educational/teacher-eligibility/supporting certificates,educational_teacher_eligibility_supporting_certi,max 400 KB (ours: file_size.maximum_bytes),The published size limit,This file's upload instructions in the current notice,https://bpsc.bihar.gov.in/wp-content/uploads/BPSC_content/Notices/NB-2025-06-19-02.pdf,,,,,,
photograph_no_pixel_size,bssc-second-inter-level-combined-competitive-examination,BSSC Second Inter-Level Combined Competitive Examination,Bihar Staff Selection Commission,Photograph,candidate_photograph,"min 20 KB, max 50 KB, jpg","Pixel width x height (and whether mandatory or preferred), any cm size, any dpi",The photograph section of the current information bulletin or notice,https://www.onlinebssc.com/25interlevela/awscdn/notice/How_To_Apply_02_23A.pdf,,,,,,
not_yet_supported,cg-vyapam-pre-b-ed-entrance-examination,CG Vyapam Pre-B.Ed Entrance Examination,Chhattisgarh Professional Examination Board,Candidate photograph,candidate_photograph,not_found,"The file's size limit (KB) and accepted formats, or confirmation that the portal takes it as an upload",The upload instructions for this file in the current notice or portal guide,https://vyapam.cgstate.gov.in/,,,,,,
estimated_value,cg-vyapam-pre-b-ed-entrance-examination,CG Vyapam Pre-B.Ed Entrance Examination,Chhattisgarh Professional Examination Board,Candidate signature,candidate_signature,"min 10 KB, max 20 KB, jpg (ours: file_size.maximum_bytes, file_size.minimum_bytes, formats.allowed_formats)",The published size limit and size limit and accepted formats,This file's upload instructions in the current notice,https://vyapam.cgstate.gov.in/,,,,,,
estimated_value,common-admission-test-2025,Common Admission Test 2025,Indian Institutes of Management,Category certificate,category_certificate,max 400 KB (ours: file_size.maximum_bytes),The published size limit,This file's upload instructions in the current notice,https://cdn.digialm.com/per/g06/pub/32842/EForms/image/CAT2025/Registration_Guide.pdf,,,,,,
estimated_value,common-admission-test-2025,Common Admission Test 2025,Indian Institutes of Management,PwD certificate,pwd_certificate,max 400 KB (ours: file_size.maximum_bytes),The published size limit,This file's upload instructions in the current notice,https://cdn.digialm.com/per/g06/pub/32842/EForms/image/CAT2025/Registration_Guide.pdf,,,,,,
estimated_value,cuet-pg-2026,CUET (PG) 2026,National Testing Agency,Category certificate,category_certificate,max 400 KB (ours: file_size.maximum_bytes),The published size limit,This file's upload instructions in the current notice,https://cdnbbsr.s3waas.gov.in/s388a839f2f6f1427879fc33ee4acf4f66/uploads/2025/12/202512161583029269.pdf,,,,,,
estimated_value,cuet-ug-2026,CUET (UG) 2026,National Testing Agency,Category certificate,category_certificate,max 400 KB (ours: file_size.maximum_bytes),The published size limit,This file's upload instructions in the current notice,https://cdnbbsr.s3waas.gov.in/s3d1a21da7bca4abff8b0b61b87597de73/uploads/2026/01/202601031633478370.pdf,,,,,,
estimated_value,cuet-ug-2026,CUET (UG) 2026,National Testing Agency,Result-awaiting certificate,result_awaiting_certificate,max 400 KB (ours: file_size.maximum_bytes),The published size limit,This file's upload instructions in the current notice,https://cdnbbsr.s3waas.gov.in/s3d1a21da7bca4abff8b0b61b87597de73/uploads/2026/01/202601031633478370.pdf,,,,,,
not_yet_supported,dsssb-recruitment-examinations,DSSSB Recruitment Examinations,Delhi Subordinate Services Selection Board,Candidate photograph,candidate_photograph,Exact active size/format controlled by OARS upload page; not publicly established here,"The file's size limit (KB) and accepted formats, or confirmation that the portal takes it as an upload",The upload instructions for this file in the current notice or portal guide,https://dsssb.delhi.gov.in/sites/default/files/DSSSB/circulars-orders/gen_inst_1.pdf,,,,,,
estimated_value,dsssb-recruitment-examinations,DSSSB Recruitment Examinations,Delhi Subordinate Services Selection Board,Candidate signature,candidate_signature,"min 10 KB, max 20 KB, jpg (ours: file_size.maximum_bytes, file_size.minimum_bytes, formats.allowed_formats)",The published size limit and size limit and accepted formats,This file's upload instructions in the current notice,https://dsssb.delhi.gov.in/sites/default/files/DSSSB/circulars-orders/gen_inst_1.pdf,,,,,,
estimated_value,dsssb-recruitment-examinations,DSSSB Recruitment Examinations,Delhi Subordinate Services Selection Board,Left thumb impression,left_thumb_impression,"min 20 KB, max 50 KB, jpg (ours: file_size.maximum_bytes, file_size.minimum_bytes, formats.allowed_formats)",The published size limit and size limit and accepted formats,This file's upload instructions in the current notice,https://dsssb.delhi.gov.in/sites/default/files/DSSSB/circulars-orders/gen_inst_1.pdf,,,,,,
estimated_value,dsssb-recruitment-examinations,DSSSB Recruitment Examinations,Delhi Subordinate Services Selection Board,Right thumb impression,right_thumb_impression,"min 20 KB, max 50 KB, jpg (ours: file_size.maximum_bytes, file_size.minimum_bytes, formats.allowed_formats)",The published size limit and size limit and accepted formats,This file's upload instructions in the current notice,https://dsssb.delhi.gov.in/sites/default/files/DSSSB/circulars-orders/gen_inst_1.pdf,,,,,,
not_yet_supported,dsssb-recruitment-examinations,DSSSB Recruitment Examinations,Delhi Subordinate Services Selection Board,Photograph ID / photo identity proof,photograph_id_photo_identity_proof,Exact active size/format controlled by OARS upload page,"The file's size limit (KB) and accepted formats, or confirmation that the portal takes it as an upload",The upload instructions for this file in the current notice or portal guide,https://dsssb.delhi.gov.in/sites/default/files/DSSSB/circulars-orders/gen_inst_1.pdf,,,,,,
not_yet_supported,gate-2026,GATE 2026,IIT Guwahati,Valid photo identity document,valid_photo_identity_document,Scanned copy of the valid photo ID whose original will be produced at the examination centre. Upload must be clear and readable.,"The file's size limit (KB) and accepted formats, or confirmation that the portal takes it as an upload",The upload instructions for this file in the current notice or portal guide,https://gate2026.iitg.ac.in/doc/IB/GATE2026-IB-28092025.pdf,,,,,,
estimated_value,gate-2026,GATE 2026,IIT Guwahati,SC/ST certificate,sc_st_certificate,max 400 KB (ours: file_size.maximum_bytes),The published size limit,This file's upload instructions in the current notice,https://gate2026.iitg.ac.in/doc/IB/GATE2026-IB-28092025.pdf,,,,,,
estimated_value,gate-2026,GATE 2026,IIT Guwahati,UDID/PwD certificate,udid_pwd_certificate,max 400 KB (ours: file_size.maximum_bytes),The published size limit,This file's upload instructions in the current notice,https://gate2026.iitg.ac.in/doc/IB/GATE2026-IB-28092025.pdf,,,,,,
estimated_value,gate-2026,GATE 2026,IIT Guwahati,Dyslexia certificate,dyslexia_certificate,max 400 KB (ours: file_size.maximum_bytes),The published size limit,This file's upload instructions in the current notice,https://gate2026.iitg.ac.in/doc/IB/GATE2026-IB-28092025.pdf,,,,,,
not_yet_supported,gate-2026,GATE 2026,IIT Guwahati,Scribe/compensatory-time annexure(s),scribe_compensatory_time_annexure_s,PDF; numeric file-size maximum not published,"The file's size limit (KB) and accepted formats, or confirmation that the portal takes it as an upload",The upload instructions for this file in the current notice or portal guide,https://gate2026.iitg.ac.in/doc/IB/GATE2026-IB-28092025.pdf,,,,,,
not_yet_supported,gujarat-police-lokrakshak-recruitment,Gujarat Police Lokrakshak Recruitment,Gujarat Police Recruitment Board,Candidate photograph,candidate_photograph,not_found,"The file's size limit (KB) and accepted formats, or confirmation that the portal takes it as an upload",The upload instructions for this file in the current notice or portal guide,https://ojas.gujarat.gov.in/,,,,,,
estimated_value,gujarat-police-lokrakshak-recruitment,Gujarat Police Lokrakshak Recruitment,Gujarat Police Recruitment Board,Candidate signature,candidate_signature,"min 10 KB, max 20 KB, jpg (ours: file_size.maximum_bytes, file_size.minimum_bytes, formats.allowed_formats)",The published size limit and size limit and accepted formats,This file's upload instructions in the current notice,https://ojas.gujarat.gov.in/,,,,,,
no_researched_fact,gujarat-police-lokrakshak-recruitment,Gujarat Police Lokrakshak Recruitment,Gujarat Police Recruitment Board,Worth knowing,,Nothing shown,"3-6 facts about the examination itself (candidates, process, structure, history), each with its passage and publisher",See docs/research-requests facts prompt,https://ojas.gujarat.gov.in/,,,,,,
not_yet_supported,gujarat-police-psi-recruitment,Gujarat Police PSI Recruitment,Gujarat Police Recruitment Board,Candidate photograph,candidate_photograph,not_found,"The file's size limit (KB) and accepted formats, or confirmation that the portal takes it as an upload",The upload instructions for this file in the current notice or portal guide,https://ojas.gujarat.gov.in/,,,,,,
estimated_value,gujarat-police-psi-recruitment,Gujarat Police PSI Recruitment,Gujarat Police Recruitment Board,Candidate signature,candidate_signature,"min 10 KB, max 20 KB, jpg (ours: file_size.maximum_bytes, file_size.minimum_bytes, formats.allowed_formats)",The published size limit and size limit and accepted formats,This file's upload instructions in the current notice,https://ojas.gujarat.gov.in/,,,,,,
no_researched_fact,gujarat-police-psi-recruitment,Gujarat Police PSI Recruitment,Gujarat Police Recruitment Board,Worth knowing,,Nothing shown,"3-6 facts about the examination itself (candidates, process, structure, history), each with its passage and publisher",See docs/research-requests facts prompt,https://ojas.gujarat.gov.in/,,,,,,
not_yet_supported,gujcet,GUJCET,Gujarat Secondary and Higher Secondary Education Board,Candidate photograph,candidate_photograph,not_found,"The file's size limit (KB) and accepted formats, or confirmation that the portal takes it as an upload",The upload instructions for this file in the current notice or portal guide,https://gujcet.gseb.org/,,,,,,
estimated_value,gujcet,GUJCET,Gujarat Secondary and Higher Secondary Education Board,Candidate signature,candidate_signature,"min 10 KB, max 20 KB, jpg (ours: file_size.maximum_bytes, file_size.minimum_bytes, formats.allowed_formats)",The published size limit and size limit and accepted formats,This file's upload instructions in the current notice,https://gujcet.gseb.org/,,,,,,
not_yet_supported,haryana-cet-group-c,Haryana CET Group C,Haryana Staff Selection Commission,Candidate photograph/profile image,candidate_photograph_profile_image,not_found,"The file's size limit (KB) and accepted formats, or confirmation that the portal takes it as an upload",The upload instructions for this file in the current notice or portal guide,https://hssc.gov.in/,,,,,,
estimated_value,haryana-cet-group-c,Haryana CET Group C,Haryana Staff Selection Commission,Candidate signature,candidate_signature,"min 10 KB, max 20 KB, jpg (ours: file_size.maximum_bytes, file_size.minimum_bytes, formats.allowed_formats)",The published size limit and size limit and accepted formats,This file's upload instructions in the current notice,https://hssc.gov.in/,,,,,,
not_yet_supported,haryana-cet-group-c,Haryana CET Group C,Haryana Staff Selection Commission,PwBD scribe/supporting documents (conditional),pwbd_scribe_supporting_documents_conditional,not_found,"The file's size limit (KB) and accepted formats, or confirmation that the portal takes it as an upload",The upload instructions for this file in the current notice or portal guide,https://hssc.gov.in/,,,,,,
not_yet_supported,haryana-teacher-eligibility-test,Haryana Teacher Eligibility Test,Board of School Education Haryana,Candidate photograph,candidate_photograph,not_found,"The file's size limit (KB) and accepted formats, or confirmation that the portal takes it as an upload",The upload instructions for this file in the current notice or portal guide,https://bseh.org.in/,,,,,,
estimated_value,haryana-teacher-eligibility-test,Haryana Teacher Eligibility Test,Board of School Education Haryana,Candidate signature,candidate_signature,"min 10 KB, max 20 KB, jpg (ours: file_size.maximum_bytes, file_size.minimum_bytes, formats.allowed_formats)",The published size limit and size limit and accepted formats,This file's upload instructions in the current notice,https://bseh.org.in/,,,,,,
not_yet_supported,hssc-cet-group-d,HSSC CET Group D,Haryana Staff Selection Commission,Candidate photograph/profile image,candidate_photograph_profile_image,not_found,"The file's size limit (KB) and accepted formats, or confirmation that the portal takes it as an upload",The upload instructions for this file in the current notice or portal guide,https://hssc.gov.in/file/ac1f23cd-9d9c-1328-819e-da8c1fe70055/advertisements,,,,,,
estimated_value,hssc-cet-group-d,HSSC CET Group D,Haryana Staff Selection Commission,Candidate signature,candidate_signature,"min 10 KB, max 20 KB, jpg (ours: file_size.maximum_bytes, file_size.minimum_bytes, formats.allowed_formats)",The published size limit and size limit and accepted formats,This file's upload instructions in the current notice,https://hssc.gov.in/file/ac1f23cd-9d9c-1328-819e-da8c1fe70055/advertisements,,,,,,
not_yet_supported,hssc-cet-group-d,HSSC CET Group D,Haryana Staff Selection Commission,PwBD scribe/supporting documents (conditional),pwbd_scribe_supporting_documents_conditional,not_found,"The file's size limit (KB) and accepted formats, or confirmation that the portal takes it as an upload",The upload instructions for this file in the current notice or portal guide,https://hssc.gov.in/file/ac1f23cd-9d9c-1328-819e-da8c1fe70055/advertisements,,,,,,
estimated_value,ibps-crp-specialist-officers-xvi,IBPS CRP Specialist Officers-XVI,Institute of Banking Personnel Selection,SSC/SSLC/Class 10 certificate,ssc_sslc_class_10_certificate,max 400 KB (ours: file_size.maximum_bytes),The published size limit,This file's upload instructions in the current notice,https://www.ibps.in/wp-content/uploads/Detailed-Notification-CRP-SPL-XVI_Final_V1_30.06.2026.pdf,,,,,,
estimated_value,ibps-crp-specialist-officers-xvi,IBPS CRP Specialist Officers-XVI,Institute of Banking Personnel Selection,Scribe eligibility certificate,scribe_eligibility_certificate,max 400 KB (ours: file_size.maximum_bytes),The published size limit,This file's upload instructions in the current notice,https://www.ibps.in/wp-content/uploads/Detailed-Notification-CRP-SPL-XVI_Final_V1_30.06.2026.pdf,,,,,,
no_researched_fact,icsi-student-registration-and-examination,ICSI Student Registration and Examination,Institute of Company Secretaries of India,Worth knowing,,Nothing shown,"3-6 facts about the examination itself (candidates, process, structure, history), each with its passage and publisher",See docs/research-requests facts prompt,https://smash.icsi.edu/Scripts/Registration/Instructions.aspx?ID=R2,,,,,,
not_yet_supported,indian-air-force-agniveervayu-recruitment,Indian Air Force Agniveervayu Recruitment,Indian Air Force,Candidate photograph,candidate_photograph,not_found,"The file's size limit (KB) and accepted formats, or confirmation that the portal takes it as an upload",The upload instructions for this file in the current notice or portal guide,https://agnipathvayu.cdac.in/,,,,,,
estimated_value,indian-air-force-agniveervayu-recruitment,Indian Air Force Agniveervayu Recruitment,Indian Air Force,Candidate signature,candidate_signature,"min 10 KB, max 20 KB, jpg (ours: file_size.maximum_bytes, file_size.minimum_bytes, formats.allowed_formats)",The published size limit and size limit and accepted formats,This file's upload instructions in the current notice,https://agnipathvayu.cdac.in/,,,,,,
estimated_value,indian-air-force-agniveervayu-recruitment,Indian Air Force Agniveervayu Recruitment,Indian Air Force,Left thumb impression,left_thumb_impression,"min 20 KB, max 50 KB, jpg (ours: file_size.maximum_bytes, file_size.minimum_bytes, formats.allowed_formats)",The published size limit and size limit and accepted formats,This file's upload instructions in the current notice,https://agnipathvayu.cdac.in/,,,,,,
estimated_value,indian-air-force-agniveervayu-recruitment,Indian Air Force Agniveervayu Recruitment,Indian Air Force,Parent/guardian signature (where applicable),parent_guardian_signature_where_applicable,"min 10 KB, max 20 KB, jpg (ours: file_size.maximum_bytes, file_size.minimum_bytes, formats.allowed_formats)",The published size limit and size limit and accepted formats,This file's upload instructions in the current notice,https://agnipathvayu.cdac.in/,,,,,,
not_yet_supported,indian-air-force-agniveervayu-recruitment,Indian Air Force Agniveervayu Recruitment,Indian Air Force,Qualification/supporting document scans (as prompted),qualification_supporting_document_scans_as_promp,not_found,"The file's size limit (KB) and accepted formats, or confirmation that the portal takes it as an upload",The upload instructions for this file in the current notice or portal guide,https://agnipathvayu.cdac.in/,,,,,,
not_yet_supported,indian-army-agniveer-cee-2025-26-online-upload,Indian Army Agniveer CEE 2025-26 - online upload,Indian Army,Candidate photograph,candidate_photograph,Uploaded candidate photograph; format: JPG/JPEG; background: white; recency: within 90 days.,"The file's size limit (KB) and accepted formats, or confirmation that the portal takes it as an upload",The upload instructions for this file in the current notice or portal guide,https://www.joinindianarmy.nic.in/writereaddata/Portal/BRAVO_NotificationPDF/AGNIVEER_NOTIFICATION_ARUNACHAL_PRADESH_2025-26.pdf,,,,,,
estimated_value,indian-army-agniveer-cee-2025-26-online-upload,Indian Army Agniveer CEE 2025-26 - online upload,Indian Army,Candidate signature,candidate_signature,"min 10 KB, max 20 KB, jpg (ours: file_size.maximum_bytes, file_size.minimum_bytes, formats.allowed_formats)",The published size limit and size limit and accepted formats,This file's upload instructions in the current notice,https://www.joinindianarmy.nic.in/writereaddata/Portal/BRAVO_NotificationPDF/AGNIVEER_NOTIFICATION_ARUNACHAL_PRADESH_2025-26.pdf,,,,,,
estimated_value,indian-army-agniveer-cee-2025-26-online-upload,Indian Army Agniveer CEE 2025-26 - online upload,Indian Army,Category/domicile/education certificates,category_domicile_education_certificates,max 400 KB (ours: file_size.maximum_bytes),The published size limit,This file's upload instructions in the current notice,https://www.joinindianarmy.nic.in/writereaddata/Portal/BRAVO_NotificationPDF/AGNIVEER_NOTIFICATION_ARUNACHAL_PRADESH_2025-26.pdf,,,,,,
not_yet_supported,indian-army-agniveer-recruitment,Indian Army Agniveer Recruitment,Indian Army,Candidate photograph,candidate_photograph,not_found,"The file's size limit (KB) and accepted formats, or confirmation that the portal takes it as an upload",The upload instructions for this file in the current notice or portal guide,https://joinindianarmy.nic.in/,,,,,,
estimated_value,indian-army-agniveer-recruitment,Indian Army Agniveer Recruitment,Indian Army,Candidate signature,candidate_signature,"min 10 KB, max 20 KB, jpg (ours: file_size.maximum_bytes, file_size.minimum_bytes, formats.allowed_formats)",The published size limit and size limit and accepted formats,This file's upload instructions in the current notice,https://joinindianarmy.nic.in/,,,,,,
not_yet_supported,indian-army-agniveer-recruitment,Indian Army Agniveer Recruitment,Indian Army,Educational/identity/eligibility document scans (as required by the active application),educational_identity_eligibility_document_scans_,not_found,"The file's size limit (KB) and accepted formats, or confirmation that the portal takes it as an upload",The upload instructions for this file in the current notice or portal guide,https://joinindianarmy.nic.in/,,,,,,
not_yet_supported,jawahar-navodaya-vidyalaya-selection-test-class-vi,Jawahar Navodaya Vidyalaya Selection Test Class VI,Navodaya Vidyalaya Samiti / CBSE,Candidate photograph,candidate_photograph,not_found,"The file's size limit (KB) and accepted formats, or confirmation that the portal takes it as an upload",The upload instructions for this file in the current notice or portal guide,https://navodaya.gov.in/,,,,,,
estimated_value,jawahar-navodaya-vidyalaya-selection-test-class-vi,Jawahar Navodaya Vidyalaya Selection Test Class VI,Navodaya Vidyalaya Samiti / CBSE,Candidate/parent signature or consent asset (as prompted),candidate_parent_signature_or_consent_asset_as_p,"min 10 KB, max 20 KB, jpg (ours: file_size.maximum_bytes, file_size.minimum_bytes, formats.allowed_formats)",The published size limit and size limit and accepted formats,This file's upload instructions in the current notice,https://navodaya.gov.in/,,,,,,
estimated_value,jawahar-navodaya-vidyalaya-selection-test-class-vi,Jawahar Navodaya Vidyalaya Selection Test Class VI,Navodaya Vidyalaya Samiti / CBSE,Residence/eligibility supporting certificate(s) (where prompted),residence_eligibility_supporting_certificate_s_w,max 400 KB (ours: file_size.maximum_bytes),The published size limit,This file's upload instructions in the current notice,https://navodaya.gov.in/,,,,,,
no_researched_fact,jawahar-navodaya-vidyalaya-selection-test-class-vi,Jawahar Navodaya Vidyalaya Selection Test Class VI,Navodaya Vidyalaya Samiti / CBSE,Worth knowing,,Nothing shown,"3-6 facts about the examination itself (candidates, process, structure, history), each with its passage and publisher",See docs/research-requests facts prompt,https://navodaya.gov.in/,,,,,,
not_yet_supported,jee-advanced-2026,JEE (Advanced) 2026,Joint Admission Board / IIT Roorkee,Candidate photograph,candidate_photograph,A candidate photograph is required in the registration process; exact current file format/size was not found in the supplied photo evidence.,"The file's size limit (KB) and accepted formats, or confirmation that the portal takes it as an upload",The upload instructions for this file in the current notice or portal guide,https://jeeadv.ac.in/documents/IBEnglish_2026_1.pdf,,,,,,
estimated_value,jee-advanced-2026,JEE (Advanced) 2026,Joint Admission Board / IIT Roorkee,Class X/birth-date proof,class_x_birth_date_proof,max 400 KB (ours: file_size.maximum_bytes),The published size limit,This file's upload instructions in the current notice,https://jeeadv.ac.in/documents/IBEnglish_2026_1.pdf,,,,,,
estimated_value,jee-advanced-2026,JEE (Advanced) 2026,Joint Admission Board / IIT Roorkee,Class XII/equivalent certificate or testimonial,class_xii_equivalent_certificate_or_testimonial,max 400 KB (ours: file_size.maximum_bytes),The published size limit,This file's upload instructions in the current notice,https://jeeadv.ac.in/documents/IBEnglish_2026_1.pdf,,,,,,
estimated_value,jee-advanced-2026,JEE (Advanced) 2026,Joint Admission Board / IIT Roorkee,GEN-EWS/OBC-NCL/SC/ST certificate,gen_ews_obc_ncl_sc_st_certificate,max 400 KB (ours: file_size.maximum_bytes),The published size limit,This file's upload instructions in the current notice,https://jeeadv.ac.in/documents/IBEnglish_2026_1.pdf,,,,,,
estimated_value,jee-advanced-2026,JEE (Advanced) 2026,Joint Admission Board / IIT Roorkee,PwD/dyslexia/difficulty-in-writing certificate,pwd_dyslexia_difficulty_in_writing_certificate,max 400 KB (ours: file_size.maximum_bytes),The published size limit,This file's upload instructions in the current notice,https://jeeadv.ac.in/documents/IBEnglish_2026_1.pdf,,,,,,
estimated_value,jee-advanced-2026,JEE (Advanced) 2026,Joint Admission Board / IIT Roorkee,Scribe forms,scribe_forms,max 400 KB (ours: file_size.maximum_bytes),The published size limit,This file's upload instructions in the current notice,https://jeeadv.ac.in/documents/IBEnglish_2026_1.pdf,,,,,,
estimated_value,jee-advanced-2026,JEE (Advanced) 2026,Joint Admission Board / IIT Roorkee,Defence Service certificate (DS),defence_service_certificate_ds,max 400 KB (ours: file_size.maximum_bytes),The published size limit,This file's upload instructions in the current notice,https://jeeadv.ac.in/documents/IBEnglish_2026_1.pdf,,,,,,
not_yet_supported,jharkhand-police-constable-recruitment,Jharkhand Police Constable Recruitment,Jharkhand Staff Selection Commission,Candidate photograph,candidate_photograph,not_found,"The file's size limit (KB) and accepted formats, or confirmation that the portal takes it as an upload",The upload instructions for this file in the current notice or portal guide,https://jssc.nic.in/,,,,,,
estimated_value,jharkhand-police-constable-recruitment,Jharkhand Police Constable Recruitment,Jharkhand Staff Selection Commission,Candidate signature,candidate_signature,"min 10 KB, max 20 KB, jpg (ours: file_size.maximum_bytes, file_size.minimum_bytes, formats.allowed_formats)",The published size limit and size limit and accepted formats,This file's upload instructions in the current notice,https://jssc.nic.in/,,,,,,
no_researched_fact,jharkhand-police-constable-recruitment,Jharkhand Police Constable Recruitment,Jharkhand Staff Selection Commission,Worth knowing,,Nothing shown,"3-6 facts about the examination itself (candidates, process, structure, history), each with its passage and publisher",See docs/research-requests facts prompt,https://jssc.nic.in/,,,,,,
estimated_value,jkssb-police-constable-recruitment,JKSSB Police Constable Recruitment,Jammu & Kashmir Services Selection Board,Candidate signature,candidate_signature,"min 10 KB, max 20 KB, jpg (ours: formats.allowed_formats)",The published accepted formats,This file's upload instructions in the current notice,https://jkssb.nic.in/Dynamic-jkssb-test/Pages/Applicant/InstructionsCivil.html,,,,,,
not_yet_supported,joint-entrance-examination-council-uttar-pradesh-polytechnic-entrance,Joint Entrance Examination Council Uttar Pradesh Polytechnic Entrance,Joint Entrance Examination Council Uttar Pradesh,Candidate photograph,candidate_photograph,not_found,"The file's size limit (KB) and accepted formats, or confirmation that the portal takes it as an upload",The upload instructions for this file in the current notice or portal guide,https://jeecup.admissions.nic.in/document/information-broucher-2025/,,,,,,
estimated_value,joint-entrance-examination-council-uttar-pradesh-polytechnic-entrance,Joint Entrance Examination Council Uttar Pradesh Polytechnic Entrance,Joint Entrance Examination Council Uttar Pradesh,Candidate signature,candidate_signature,"min 10 KB, max 20 KB, jpg (ours: file_size.maximum_bytes, file_size.minimum_bytes, formats.allowed_formats)",The published size limit and size limit and accepted formats,This file's upload instructions in the current notice,https://jeecup.admissions.nic.in/document/information-broucher-2025/,,,,,,
not_yet_supported,jssc-combined-graduate-level-examination,JSSC Combined Graduate Level Examination,Jharkhand Staff Selection Commission,Candidate photograph,candidate_photograph,not_found,"The file's size limit (KB) and accepted formats, or confirmation that the portal takes it as an upload",The upload instructions for this file in the current notice or portal guide,https://jssc.nic.in/,,,,,,
estimated_value,jssc-combined-graduate-level-examination,JSSC Combined Graduate Level Examination,Jharkhand Staff Selection Commission,Candidate signature,candidate_signature,"min 10 KB, max 20 KB, jpg (ours: file_size.maximum_bytes, file_size.minimum_bytes, formats.allowed_formats)",The published size limit and size limit and accepted formats,This file's upload instructions in the current notice,https://jssc.nic.in/,,,,,,
not_yet_supported,karnataka-teacher-eligibility-test,Karnataka Teacher Eligibility Test,School Education Department Karnataka,Candidate photograph,candidate_photograph,not_found,"The file's size limit (KB) and accepted formats, or confirmation that the portal takes it as an upload",The upload instructions for this file in the current notice or portal guide,https://sts.karnataka.gov.in/TET/,,,,,,
estimated_value,karnataka-teacher-eligibility-test,Karnataka Teacher Eligibility Test,School Education Department Karnataka,Candidate signature,candidate_signature,"min 10 KB, max 20 KB, jpg (ours: file_size.maximum_bytes, file_size.minimum_bytes, formats.allowed_formats)",The published size limit and size limit and accepted formats,This file's upload instructions in the current notice,https://sts.karnataka.gov.in/TET/,,,,,,
estimated_value,karnataka-common-entrance-test-2026,Karnataka Common Entrance Test 2026,Karnataka Examinations Authority,Candidate signature,candidate_signature,"min 10 KB, max 20 KB, jpg (ours: file_size.maximum_bytes, file_size.minimum_bytes, formats.allowed_formats)",The published size limit and size limit and accepted formats,This file's upload instructions in the current notice,https://engineering.careers360.com/articles/kcet-photo-signature-size-guidelines,,,,,,
estimated_value,karnataka-common-entrance-test-2026,Karnataka Common Entrance Test 2026,Karnataka Examinations Authority,Left thumb impression,left_thumb_impression,"min 20 KB, max 50 KB, jpg (ours: file_size.maximum_bytes, file_size.minimum_bytes, formats.allowed_formats)",The published size limit and size limit and accepted formats,This file's upload instructions in the current notice,https://engineering.careers360.com/articles/kcet-photo-signature-size-guidelines,,,,,,
estimated_value,karnataka-common-entrance-test-2026,Karnataka Common Entrance Test 2026,Karnataka Examinations Authority,Parent/guardian signature,parent_guardian_signature,"min 10 KB, max 20 KB, jpg (ours: file_size.maximum_bytes, file_size.minimum_bytes, formats.allowed_formats)",The published size limit and size limit and accepted formats,This file's upload instructions in the current notice,https://engineering.careers360.com/articles/kcet-photo-signature-size-guidelines,,,,,,
estimated_value,karnataka-psc-online-application,Karnataka PSC Online Application,Karnataka Public Service Commission,Claim-supporting certificates,claim_supporting_certificates,max 400 KB (ours: file_size.maximum_bytes),The published size limit,This file's upload instructions in the current notice,https://apply.registernow.in/KPSC/Registration/,,,,,,
not_yet_supported,karnataka-psc-online-application,Karnataka PSC Online Application,Karnataka Public Service Commission,Claim-supporting documents,claim_supporting_documents,not_found,"The file's size limit (KB) and accepted formats, or confirmation that the portal takes it as an upload",The upload instructions for this file in the current notice or portal guide,https://apply.registernow.in/KPSC/Registration/,,,,,,
no_researched_fact,karnataka-psc-online-application,Karnataka PSC Online Application,Karnataka Public Service Commission,Worth knowing,,Nothing shown,"3-6 facts about the examination itself (candidates, process, structure, history), each with its passage and publisher",See docs/research-requests facts prompt,https://apply.registernow.in/KPSC/Registration/,,,,,,
not_yet_supported,kendriya-vidyalaya-sangathan-direct-recruitment-examination,Kendriya Vidyalaya Sangathan Direct Recruitment Examination,Kendriya Vidyalaya Sangathan,Candidate photograph,candidate_photograph,JPG/JPEG; numeric maximum not published in the detailed notification,"The file's size limit (KB) and accepted formats, or confirmation that the portal takes it as an upload",The upload instructions for this file in the current notice or portal guide,https://www.cbse.gov.in/cbsenew/documents/Detailed_Notification_KVS_NVS_2025_13112025.pdf,,,,,,
estimated_value,kendriya-vidyalaya-sangathan-direct-recruitment-examination,Kendriya Vidyalaya Sangathan Direct Recruitment Examination,Kendriya Vidyalaya Sangathan,Candidate signature,candidate_signature,"min 10 KB, max 20 KB, jpg/jpeg (ours: file_size.maximum_bytes, file_size.minimum_bytes)",The published size limit and size limit,This file's upload instructions in the current notice,https://www.cbse.gov.in/cbsenew/documents/Detailed_Notification_KVS_NVS_2025_13112025.pdf,,,,,,
not_yet_supported,kerala-engineering-architecture-medical-entrance-examination,Kerala Engineering Architecture Medical Entrance Examination,Commissioner for Entrance Examinations Kerala,Annual family income supporting document,annual_family_income_supporting_document,PDF; less than 500 KB,"The file's size limit (KB) and accepted formats, or confirmation that the portal takes it as an upload",The upload instructions for this file in the current notice or portal guide,https://cee.kerala.gov.in/keamonline2026/pdf/howtoupload.pdf,,,,,,
partially_supported,kerala-psc-one-time-registration,Kerala PSC One Time Registration,Kerala Public Service Commission,Candidate photograph,candidate_photograph,Uploaded candidate photograph; format: JPG; file size: up to 30 Kb; dimensions: 150 x 200 px; recency: within 180 days.,"Exactly what must be printed on the photograph (name, date), where, and in what style",The notice's wording on the printed name and date,https://psc.kerala.gov.in/kpsc/faq.php,,,,,,
estimated_value,kerala-psc-one-time-registration,Kerala PSC One Time Registration,Kerala Public Service Commission,Claim-supporting certificates,claim_supporting_certificates,max 400 KB (ours: file_size.maximum_bytes),The published size limit,This file's upload instructions in the current notice,https://psc.kerala.gov.in/kpsc/faq.php,,,,,,
not_yet_supported,mah-mba-mms-cet,MAH MBA/MMS CET,State Common Entrance Test Cell Maharashtra,Candidate photograph,candidate_photograph,not_found,"The file's size limit (KB) and accepted formats, or confirmation that the portal takes it as an upload",The upload instructions for this file in the current notice or portal guide,https://cetcell.mahacet.org/wp-content/uploads/2023/12/MAH-MBA-MMS-CET-2026-Information-Brochure.pdf,,,,,,
estimated_value,mah-mba-mms-cet,MAH MBA/MMS CET,State Common Entrance Test Cell Maharashtra,Candidate signature,candidate_signature,"min 10 KB, max 20 KB, jpg (ours: file_size.maximum_bytes, file_size.minimum_bytes, formats.allowed_formats)",The published size limit and size limit and accepted formats,This file's upload instructions in the current notice,https://cetcell.mahacet.org/wp-content/uploads/2023/12/MAH-MBA-MMS-CET-2026-Information-Brochure.pdf,,,,,,
not_yet_supported,maharashtra-police-recruitment,Maharashtra Police Recruitment,Maharashtra Police,Candidate photograph,candidate_photograph,not_found,"The file's size limit (KB) and accepted formats, or confirmation that the portal takes it as an upload",The upload instructions for this file in the current notice or portal guide,https://policerecruitment2024.mahait.org/,,,,,,
estimated_value,maharashtra-police-recruitment,Maharashtra Police Recruitment,Maharashtra Police,Candidate signature,candidate_signature,"min 10 KB, max 20 KB, jpg (ours: file_size.maximum_bytes, file_size.minimum_bytes, formats.allowed_formats)",The published size limit and size limit and accepted formats,This file's upload instructions in the current notice,https://policerecruitment2024.mahait.org/,,,,,,
not_yet_supported,mht-cet-2026,MHT-CET 2026,"State Common Entrance Test Cell, Maharashtra",Candidate photograph,candidate_photograph,Uploaded candidate photograph; file size: 100-5 mixed: KB minimum; MB maximum; background: light or white.,"The file's size limit (KB) and accepted formats, or confirmation that the portal takes it as an upload",The upload instructions for this file in the current notice or portal guide,https://cetcell.mahacet.org/wp-content/uploads/2023/12/MHT-CET-2026-Information-Brochure-Updated-on-11.04.2026.pdf,,,,,,
estimated_value,mht-cet-2026,MHT-CET 2026,"State Common Entrance Test Cell, Maharashtra",Candidate signature,candidate_signature,"min 10 KB, max 20 KB, jpg (ours: file_size.maximum_bytes, file_size.minimum_bytes, formats.allowed_formats)",The published size limit and size limit and accepted formats,This file's upload instructions in the current notice,https://cetcell.mahacet.org/wp-content/uploads/2023/12/MHT-CET-2026-Information-Brochure-Updated-on-11.04.2026.pdf,,,,,,
estimated_value,mht-cet-2026,MHT-CET 2026,"State Common Entrance Test Cell, Maharashtra",Disability certificate,disability_certificate,max 400 KB (ours: file_size.maximum_bytes),The published size limit,This file's upload instructions in the current notice,https://cetcell.mahacet.org/wp-content/uploads/2023/12/MHT-CET-2026-Information-Brochure-Updated-on-11.04.2026.pdf,,,,,,
not_yet_supported,mht-cet-2026,MHT-CET 2026,"State Common Entrance Test Cell, Maharashtra",Scribe declaration form (Appendix 3),scribe_declaration_form_appendix_3,"Prescribed proforma at Appendix 3, naming a primary and an alternate scribe with their highest educational qualifications. Uploaded and carried to the examination centre with the Hall Ticket. No file size or format is published.","The file's size limit (KB) and accepted formats, or confirmation that the portal takes it as an upload",The upload instructions for this file in the current notice or portal guide,https://cetcell.mahacet.org/wp-content/uploads/2023/12/MHT-CET-2026-Information-Brochure-Updated-on-11.04.2026.pdf,,,,,,
estimated_value,mht-cet-2026,MHT-CET 2026,"State Common Entrance Test Cell, Maharashtra",Certificate of limitation in writing (Appendix 1 / Appendix 2),certificate_of_limitation_in_writing_appendix_1_,max 400 KB (ours: file_size.maximum_bytes),The published size limit,This file's upload instructions in the current notice,https://cetcell.mahacet.org/wp-content/uploads/2023/12/MHT-CET-2026-Information-Brochure-Updated-on-11.04.2026.pdf,,,,,,
estimated_value,mp-patwari-recruitment-examination,MP Patwari Recruitment Examination,Madhya Pradesh Employees Selection Board,"Combined colour photograph, signature and handwritten sample/template",combined_colour_photograph_signature_and_handwri,"min 10 KB, max 20 KB, jpg (ours: file_size.maximum_bytes, file_size.minimum_bytes, formats.allowed_formats)",The published size limit and size limit and accepted formats,This file's upload instructions in the current notice,https://esb.mp.gov.in/Rulebooks/rule_books_ESB26.htm,,,,,,
estimated_value,mp-patwari-recruitment-examination,MP Patwari Recruitment Examination,Madhya Pradesh Employees Selection Board,Date-of-birth marksheet/proof,date_of_birth_marksheet_proof,max 400 KB (ours: file_size.maximum_bytes),The published size limit,This file's upload instructions in the current notice,https://esb.mp.gov.in/Rulebooks/rule_books_ESB26.htm,,,,,,
estimated_value,mp-patwari-recruitment-examination,MP Patwari Recruitment Examination,Madhya Pradesh Employees Selection Board,Reservation/category certificate,reservation_category_certificate,max 400 KB (ours: file_size.maximum_bytes),The published size limit,This file's upload instructions in the current notice,https://esb.mp.gov.in/Rulebooks/rule_books_ESB26.htm,,,,,,
estimated_value,mp-patwari-recruitment-examination,MP Patwari Recruitment Examination,Madhya Pradesh Employees Selection Board,PwD/other claim-supporting certificate,pwd_other_claim_supporting_certificate,max 400 KB (ours: file_size.maximum_bytes),The published size limit,This file's upload instructions in the current notice,https://esb.mp.gov.in/Rulebooks/rule_books_ESB26.htm,,,,,,
estimated_value,mp-police-constable-recruitment-test,MP Police Constable Recruitment Test,Madhya Pradesh Employees Selection Board,"Combined colour photograph, signature and handwritten sample/template",combined_colour_photograph_signature_and_handwri,"min 10 KB, max 20 KB, jpg (ours: file_size.maximum_bytes, file_size.minimum_bytes, formats.allowed_formats)",The published size limit and size limit and accepted formats,This file's upload instructions in the current notice,https://esb.mp.gov.in/rulebooks/RB_2025/PCRT_2025_Rulebook.pdf,,,,,,
estimated_value,mp-police-constable-recruitment-test,MP Police Constable Recruitment Test,Madhya Pradesh Employees Selection Board,Date-of-birth marksheet/proof,date_of_birth_marksheet_proof,max 400 KB (ours: file_size.maximum_bytes),The published size limit,This file's upload instructions in the current notice,https://esb.mp.gov.in/rulebooks/RB_2025/PCRT_2025_Rulebook.pdf,,,,,,
estimated_value,mp-police-constable-recruitment-test,MP Police Constable Recruitment Test,Madhya Pradesh Employees Selection Board,Reservation/category certificate,reservation_category_certificate,max 400 KB (ours: file_size.maximum_bytes),The published size limit,This file's upload instructions in the current notice,https://esb.mp.gov.in/rulebooks/RB_2025/PCRT_2025_Rulebook.pdf,,,,,,
estimated_value,mp-police-constable-recruitment-test,MP Police Constable Recruitment Test,Madhya Pradesh Employees Selection Board,PwD/other claim-supporting certificate,pwd_other_claim_supporting_certificate,max 400 KB (ours: file_size.maximum_bytes),The published size limit,This file's upload instructions in the current notice,https://esb.mp.gov.in/rulebooks/RB_2025/PCRT_2025_Rulebook.pdf,,,,,,
estimated_value,mp-primary-school-teacher-eligibility-test,MP Primary School Teacher Eligibility Test,Madhya Pradesh Employees Selection Board,"Combined colour photograph, signature and handwritten sample/template",combined_colour_photograph_signature_and_handwri,"min 10 KB, max 20 KB, jpg (ours: file_size.maximum_bytes, file_size.minimum_bytes, formats.allowed_formats)",The published size limit and size limit and accepted formats,This file's upload instructions in the current notice,https://esb.mp.gov.in/rulebooks/RB_2025/PSTST_2025_Final_RuleBook.pdf,,,,,,
estimated_value,mp-primary-school-teacher-eligibility-test,MP Primary School Teacher Eligibility Test,Madhya Pradesh Employees Selection Board,Date-of-birth marksheet/proof,date_of_birth_marksheet_proof,max 400 KB (ours: file_size.maximum_bytes),The published size limit,This file's upload instructions in the current notice,https://esb.mp.gov.in/rulebooks/RB_2025/PSTST_2025_Final_RuleBook.pdf,,,,,,
estimated_value,mp-primary-school-teacher-eligibility-test,MP Primary School Teacher Eligibility Test,Madhya Pradesh Employees Selection Board,Reservation/category certificate,reservation_category_certificate,max 400 KB (ours: file_size.maximum_bytes),The published size limit,This file's upload instructions in the current notice,https://esb.mp.gov.in/rulebooks/RB_2025/PSTST_2025_Final_RuleBook.pdf,,,,,,
estimated_value,mp-primary-school-teacher-eligibility-test,MP Primary School Teacher Eligibility Test,Madhya Pradesh Employees Selection Board,PwD/other claim-supporting certificate,pwd_other_claim_supporting_certificate,max 400 KB (ours: file_size.maximum_bytes),The published size limit,This file's upload instructions in the current notice,https://esb.mp.gov.in/rulebooks/RB_2025/PSTST_2025_Final_RuleBook.pdf,,,,,,
estimated_value,mpsc-online-application,MPSC Online Application,Maharashtra Public Service Commission,Claim-supporting certificates,claim_supporting_certificates,max 400 KB (ours: file_size.maximum_bytes),The published size limit,This file's upload instructions in the current notice,https://mpsconline.gov.in/downloads/Instructions-for-Filling-the-Application-Form.pdf,,,,,,
estimated_value,neet-pg,NEET-PG,National Board of Examinations in Medical Sciences,Medical registration certificate,medical_registration_certificate,max 400 KB (ours: file_size.maximum_bytes),The published size limit,This file's upload instructions in the current notice,https://www.natboard.edu.in/pdoof/User_Manual_NEETPG_2024.pdf,,,,,,
estimated_value,neet-ug-2026,NEET (UG) 2026,National Testing Agency,Left and right hand fingers and thumb impressions,left_and_right_hand_fingers_and_thumb_impression,"min 20 KB, max 50 KB, jpg/jpeg (ours: file_size.maximum_bytes, file_size.minimum_bytes)",The published size limit and size limit,This file's upload instructions in the current notice,https://cdnbbsr.s3waas.gov.in/s37bc1ec1d9c3426357e69acd5bf320061/uploads/2026/02/202602231394640855.pdf,,,,,,
estimated_value,neet-ug-2026,NEET (UG) 2026,National Testing Agency,Citizenship certificate,citizenship_certificate,"max 400 KB, jpg/jpeg (ours: file_size.maximum_bytes)",The published size limit,This file's upload instructions in the current notice,https://cdnbbsr.s3waas.gov.in/s37bc1ec1d9c3426357e69acd5bf320061/uploads/2026/02/202602231394640855.pdf,,,,,,
estimated_value,neet-ug-2026,NEET (UG) 2026,National Testing Agency,Scribe's signature,scribe_s_signature,"min 10 KB, max 100 KB, jpg (ours: formats.allowed_formats)",The published accepted formats,This file's upload instructions in the current notice,https://cdnbbsr.s3waas.gov.in/s37bc1ec1d9c3426357e69acd5bf320061/uploads/2026/02/202602231394640855.pdf,,,,,,
not_yet_supported,neet-ug-2026,NEET (UG) 2026,National Testing Agency,Undertaking for using own scribe (Annexure-III / Annexure-V),undertaking_for_using_own_scribe_annexure_iii_an,"Between 50 kb and 300 kb, clearly legible. Prescribed proforma at Annexure-III (40% or more disability) or Annexure-V (less than 40%).","The file's size limit (KB) and accepted formats, or confirmation that the portal takes it as an upload",The upload instructions for this file in the current notice or portal guide,https://cdnbbsr.s3waas.gov.in/s37bc1ec1d9c3426357e69acd5bf320061/uploads/2026/02/202602231394640855.pdf,,,,,,
not_yet_supported,neet-ug-2026,NEET (UG) 2026,National Testing Agency,Verification of identity certificate attested by Principal/Headmaster or a Class-I Gazetted Officer (Annexure-VI),verification_of_identity_certificate_attested_by,"Signed and attested certificate carrying a recent photograph, in the Annexure-VI proforma. No file size or format is published for this item.","The file's size limit (KB) and accepted formats, or confirmation that the portal takes it as an upload",The upload instructions for this file in the current notice or portal guide,https://cdnbbsr.s3waas.gov.in/s37bc1ec1d9c3426357e69acd5bf320061/uploads/2026/02/202602231394640855.pdf,,,,,,
not_yet_supported,odisha-joint-entrance-examination-ojee,Odisha Joint Entrance Examination (OJEE),OJEE Committee,Candidate photograph,candidate_photograph,not_found,"The file's size limit (KB) and accepted formats, or confirmation that the portal takes it as an upload",The upload instructions for this file in the current notice or portal guide,https://ojee.nic.in/document/instructions-for-filling-up-the-application-form-for-ojee-2026/,,,,,,
estimated_value,odisha-joint-entrance-examination-ojee,Odisha Joint Entrance Examination (OJEE),OJEE Committee,Candidate signature,candidate_signature,"min 10 KB, max 20 KB, jpg (ours: file_size.maximum_bytes, file_size.minimum_bytes, formats.allowed_formats)",The published size limit and size limit and accepted formats,This file's upload instructions in the current notice,https://ojee.nic.in/document/instructions-for-filling-up-the-application-form-for-ojee-2026/,,,,,,
not_yet_supported,rajasthan-eligibility-examination-for-teachers-reet,Rajasthan Eligibility Examination for Teachers (REET),Board of Secondary Education Rajasthan,Candidate photograph,candidate_photograph,not_found,"The file's size limit (KB) and accepted formats, or confirmation that the portal takes it as an upload",The upload instructions for this file in the current notice or portal guide,https://rajeduboard.rajasthan.gov.in/reet2024final121224.PDF,,,,,,
estimated_value,rajasthan-eligibility-examination-for-teachers-reet,Rajasthan Eligibility Examination for Teachers (REET),Board of Secondary Education Rajasthan,Candidate signature,candidate_signature,"min 10 KB, max 20 KB, jpg (ours: file_size.maximum_bytes, file_size.minimum_bytes, formats.allowed_formats)",The published size limit and size limit and accepted formats,This file's upload instructions in the current notice,https://rajeduboard.rajasthan.gov.in/reet2024final121224.PDF,,,,,,
not_yet_supported,rajasthan-police-constable-recruitment,Rajasthan Police Constable Recruitment,Rajasthan Police,OTR/profile photograph,otr_profile_photograph,not_found,"The file's size limit (KB) and accepted formats, or confirmation that the portal takes it as an upload",The upload instructions for this file in the current notice or portal guide,https://police.rajasthan.gov.in/portal/RecruitmentsResults,,,,,,
estimated_value,rajasthan-police-constable-recruitment,Rajasthan Police Constable Recruitment,Rajasthan Police,OTR/profile signature,otr_profile_signature,"min 10 KB, max 20 KB, jpg (ours: file_size.maximum_bytes, file_size.minimum_bytes, formats.allowed_formats)",The published size limit and size limit and accepted formats,This file's upload instructions in the current notice,https://police.rajasthan.gov.in/portal/RecruitmentsResults,,,,,,
not_yet_supported,rajasthan-pre-d-el-ed-examination-bstc,Rajasthan Pre-D.El.Ed Examination (BSTC),Vardhman Mahaveer Open University / designated authority,Candidate photograph,candidate_photograph,not_found,"The file's size limit (KB) and accepted formats, or confirmation that the portal takes it as an upload",The upload instructions for this file in the current notice or portal guide,https://predeledraj2026.com/,,,,,,
estimated_value,rajasthan-pre-d-el-ed-examination-bstc,Rajasthan Pre-D.El.Ed Examination (BSTC),Vardhman Mahaveer Open University / designated authority,Candidate signature,candidate_signature,"min 10 KB, max 20 KB, jpg (ours: file_size.maximum_bytes, file_size.minimum_bytes, formats.allowed_formats)",The published size limit and size limit and accepted formats,This file's upload instructions in the current notice,https://predeledraj2026.com/,,,,,,
estimated_value,rajasthan-pre-d-el-ed-examination-bstc,Rajasthan Pre-D.El.Ed Examination (BSTC),Vardhman Mahaveer Open University / designated authority,Left thumb impression (where prompted),left_thumb_impression_where_prompted,"min 20 KB, max 50 KB, jpg (ours: file_size.maximum_bytes, file_size.minimum_bytes, formats.allowed_formats)",The published size limit and size limit and accepted formats,This file's upload instructions in the current notice,https://predeledraj2026.com/,,,,,,
not_yet_supported,rajasthan-pre-teacher-education-test,Rajasthan Pre-Teacher Education Test,Rajasthan PTET conducting university,Candidate photograph,candidate_photograph,not_found,"The file's size limit (KB) and accepted formats, or confirmation that the portal takes it as an upload",The upload instructions for this file in the current notice or portal guide,https://ptetvmoukota2025.in/,,,,,,
estimated_value,rajasthan-pre-teacher-education-test,Rajasthan Pre-Teacher Education Test,Rajasthan PTET conducting university,Candidate signature,candidate_signature,"min 10 KB, max 20 KB, jpg (ours: file_size.maximum_bytes, file_size.minimum_bytes, formats.allowed_formats)",The published size limit and size limit and accepted formats,This file's upload instructions in the current notice,https://ptetvmoukota2025.in/,,,,,,
not_yet_supported,rpsc-online-application,RPSC Online Application,Rajasthan Public Service Commission,Candidate photograph,candidate_photograph,Uploaded candidate photograph; format: JPG/JPEG; file size: at least 20 KB; dimensions: 240 x 320 px.,"The file's size limit (KB) and accepted formats, or confirmation that the portal takes it as an upload",The upload instructions for this file in the current notice or portal guide,https://rpsc.rajasthan.gov.in/Static/InformationForCandidates/OTR_Manual_English.pdf?udate=15082025,,,,,,
estimated_value,rpsc-online-application,RPSC Online Application,Rajasthan Public Service Commission,Candidate signature,candidate_signature,"min 10 KB, max 20 KB, jpg (ours: file_size.maximum_bytes, file_size.minimum_bytes, formats.allowed_formats)",The published size limit and size limit and accepted formats,This file's upload instructions in the current notice,https://rpsc.rajasthan.gov.in/Static/InformationForCandidates/OTR_Manual_English.pdf?udate=15082025,,,,,,
estimated_value,rpsc-online-application,RPSC Online Application,Rajasthan Public Service Commission,Claim-supporting certificates,claim_supporting_certificates,max 400 KB (ours: file_size.maximum_bytes),The published size limit,This file's upload instructions in the current notice,https://rpsc.rajasthan.gov.in/Static/InformationForCandidates/OTR_Manual_English.pdf?udate=15082025,,,,,,
unread_pixel_size,rrb-section-controller,RRB Section Controller,Railway Recruitment Boards,Candidate signature,candidate_signature,"JPG/JPEG, 30-49 KB; minimum 140 x 60 pixels; minimum 100 DPI ","Whether the size is exact, preferred, a minimum or a range, and which number is width and which height",The size sentence as the notice prints it,https://www.rrbcdg.gov.in/uploads/2025/04-SCTRL/CEN042024-SectionController.pdf,,,,,,
unread_pixel_size,rrb-technician,RRB Technician,Railway Recruitment Boards,Candidate signature,candidate_signature,"JPG/JPEG, 30-49 KB; minimum 140 x 60 pixels; minimum 100 DPI ","Whether the size is exact, preferred, a minimum or a range, and which number is width and which height",The size sentence as the notice prints it,https://www.rrbcdg.gov.in/uploads/2025/02-TECH/022025-CEN_updated.pdf,,,,,,
no_researched_fact,rrb-ntpc-graduate-cen-05-2024,RRB NTPC Graduate - CEN 05/2024,Railway Recruitment Boards,Worth knowing,,Nothing shown,"3-6 facts about the examination itself (candidates, process, structure, history), each with its passage and publisher",See docs/research-requests facts prompt,https://rrbsecunderabad.gov.in/wp-content/uploads/2024/09/CEN-05-2024-NTPC-Graduate_ENG.pdf,,,,,,
estimated_value,ssc-combined-graduate-level-examination-2026-live-capture,SSC Combined Graduate Level Examination 2026,Staff Selection Commission,Disability certificate,disability_certificate,max 400 KB (ours: file_size.maximum_bytes),The published size limit,This file's upload instructions in the current notice,https://ssc.gov.in/api/attachment/uploads/masterData/NoticeBoards/Notice_of_adv_cgl_2025.pdf,,,,,,
estimated_value,ssc-combined-higher-secondary-10-2-level-examination-2025-live-capture,SSC Combined Higher Secondary (10+2) Level Examination 2025,Staff Selection Commission,Disability certificate,disability_certificate,max 400 KB (ours: file_size.maximum_bytes),The published size limit,This file's upload instructions in the current notice,https://ssc.gov.in/api/attachment/uploads/masterData/NoticeBoards/Notice_of_adv_chsl_2025.pdf,,,,,,
estimated_value,ssc-constable-gd-examination-2025-live-capture,SSC Constable (GD) Examination 2025,Staff Selection Commission,Disability certificate,disability_certificate,max 400 KB (ours: file_size.maximum_bytes),The published size limit,This file's upload instructions in the current notice,https://ssc.gov.in/api/attachment/uploads/masterData/NoticeBoards/Notice_of_CTGD_2024_09_05.pdf,,,,,,
estimated_value,ssc-multi-tasking-staff-and-havaldar-examination-2025-live-capture,SSC Multi-Tasking Staff and Havaldar Examination 2025,Staff Selection Commission,Disability certificate,disability_certificate,max 400 KB (ours: file_size.maximum_bytes),The published size limit,This file's upload instructions in the current notice,https://ssc.gov.in/api/attachment/uploads/masterData/NoticeBoards/Notice_of_adv_mts_2025.pdf,,,,,,
not_yet_supported,telangana-dsc-teacher-recruitment,Telangana DSC Teacher Recruitment,Government of Telangana,Candidate photograph,candidate_photograph,not_found,"The file's size limit (KB) and accepted formats, or confirmation that the portal takes it as an upload",The upload instructions for this file in the current notice or portal guide,https://schooledu.telangana.gov.in/,,,,,,
estimated_value,telangana-dsc-teacher-recruitment,Telangana DSC Teacher Recruitment,Government of Telangana,Candidate signature,candidate_signature,"min 10 KB, max 20 KB, jpg (ours: file_size.maximum_bytes, file_size.minimum_bytes, formats.allowed_formats)",The published size limit and size limit and accepted formats,This file's upload instructions in the current notice,https://schooledu.telangana.gov.in/,,,,,,
not_yet_supported,telangana-dsc-teacher-recruitment,Telangana DSC Teacher Recruitment,Government of Telangana,Educational/TET/category/PwD supporting documents (conditional),educational_tet_category_pwd_supporting_document,not_found,"The file's size limit (KB) and accepted formats, or confirmation that the portal takes it as an upload",The upload instructions for this file in the current notice or portal guide,https://schooledu.telangana.gov.in/,,,,,,
not_yet_supported,telangana-teacher-eligibility-test-tg-tet,Telangana Teacher Eligibility Test (TG TET),Department of School Education Telangana,Candidate photograph,candidate_photograph,not_found,"The file's size limit (KB) and accepted formats, or confirmation that the portal takes it as an upload",The upload instructions for this file in the current notice or portal guide,https://tgtet.aptonline.in/,,,,,,
estimated_value,telangana-teacher-eligibility-test-tg-tet,Telangana Teacher Eligibility Test (TG TET),Department of School Education Telangana,Candidate signature,candidate_signature,"min 10 KB, max 20 KB, jpg (ours: file_size.maximum_bytes, file_size.minimum_bytes, formats.allowed_formats)",The published size limit and size limit and accepted formats,This file's upload instructions in the current notice,https://tgtet.aptonline.in/,,,,,,
not_yet_supported,tg-eapcet,TG EAPCET,JNTU Hyderabad / TGCHE,Candidate photograph/profile image (as prompted),candidate_photograph_profile_image_as_prompted,not_found,"The file's size limit (KB) and accepted formats, or confirmation that the portal takes it as an upload",The upload instructions for this file in the current notice or portal guide,https://eapcet.tgche.ac.in/,,,,,,
estimated_value,tg-eapcet,TG EAPCET,JNTU Hyderabad / TGCHE,Candidate signature/profile image (as prompted),candidate_signature_profile_image_as_prompted,"min 10 KB, max 20 KB, jpg (ours: file_size.maximum_bytes, file_size.minimum_bytes, formats.allowed_formats)",The published size limit and size limit and accepted formats,This file's upload instructions in the current notice,https://eapcet.tgche.ac.in/,,,,,,
not_yet_supported,tg-ts-polycet,TG/TS POLYCET,State Board of Technical Education and Training Telangana,Candidate photograph,candidate_photograph,not_found,"The file's size limit (KB) and accepted formats, or confirmation that the portal takes it as an upload",The upload instructions for this file in the current notice or portal guide,https://polycet.sbtet.telangana.gov.in/,,,,,,
estimated_value,tg-ts-polycet,TG/TS POLYCET,State Board of Technical Education and Training Telangana,Candidate signature,candidate_signature,"min 10 KB, max 20 KB, jpg (ours: file_size.maximum_bytes, file_size.minimum_bytes, formats.allowed_formats)",The published size limit and size limit and accepted formats,This file's upload instructions in the current notice,https://polycet.sbtet.telangana.gov.in/,,,,,,
not_yet_supported,tgpsc-group-i-services-examination,TGPSC Group I Services Examination,Telangana Public Service Commission,Candidate photograph,candidate_photograph,not_found,"The file's size limit (KB) and accepted formats, or confirmation that the portal takes it as an upload",The upload instructions for this file in the current notice or portal guide,https://websitenew.tspsc.gov.in/,,,,,,
estimated_value,tgpsc-group-i-services-examination,TGPSC Group I Services Examination,Telangana Public Service Commission,Candidate signature,candidate_signature,"min 10 KB, max 20 KB, jpg (ours: file_size.maximum_bytes, file_size.minimum_bytes, formats.allowed_formats)",The published size limit and size limit and accepted formats,This file's upload instructions in the current notice,https://websitenew.tspsc.gov.in/,,,,,,
not_yet_supported,tgpsc-group-ii-services-examination,TGPSC Group II Services Examination,Telangana Public Service Commission,Candidate photograph,candidate_photograph,not_found,"The file's size limit (KB) and accepted formats, or confirmation that the portal takes it as an upload",The upload instructions for this file in the current notice or portal guide,https://websitenew.tspsc.gov.in/,,,,,,
estimated_value,tgpsc-group-ii-services-examination,TGPSC Group II Services Examination,Telangana Public Service Commission,Candidate signature,candidate_signature,"min 10 KB, max 20 KB, jpg (ours: file_size.maximum_bytes, file_size.minimum_bytes, formats.allowed_formats)",The published size limit and size limit and accepted formats,This file's upload instructions in the current notice,https://websitenew.tspsc.gov.in/,,,,,,
not_yet_supported,tgpsc-group-iii-services-examination,TGPSC Group III Services Examination,Telangana Public Service Commission,Candidate photograph,candidate_photograph,not_found,"The file's size limit (KB) and accepted formats, or confirmation that the portal takes it as an upload",The upload instructions for this file in the current notice or portal guide,https://websitenew.tspsc.gov.in/,,,,,,
estimated_value,tgpsc-group-iii-services-examination,TGPSC Group III Services Examination,Telangana Public Service Commission,Candidate signature,candidate_signature,"min 10 KB, max 20 KB, jpg (ours: file_size.maximum_bytes, file_size.minimum_bytes, formats.allowed_formats)",The published size limit and size limit and accepted formats,This file's upload instructions in the current notice,https://websitenew.tspsc.gov.in/,,,,,,
estimated_value,tnpsc-combined-civil-services-examination-i-group-i,TNPSC Combined Civil Services Examination I (Group I),Tamil Nadu Public Service Commission,Candidate signature,candidate_signature,"min 10 KB, max 20 KB, jpg (ours: file_size.maximum_bytes, file_size.minimum_bytes, formats.allowed_formats)",The published size limit and size limit and accepted formats,This file's upload instructions in the current notice,https://tnpsc.gov.in/static_pdf/document/instructions-to-candidates_2025.pdf,,,,,,
no_researched_fact,tnpsc-combined-civil-services-examination-i-group-i,TNPSC Combined Civil Services Examination I (Group I),Tamil Nadu Public Service Commission,Worth knowing,,Nothing shown,"3-6 facts about the examination itself (candidates, process, structure, history), each with its passage and publisher",See docs/research-requests facts prompt,https://tnpsc.gov.in/static_pdf/document/instructions-to-candidates_2025.pdf,,,,,,
estimated_value,tnpsc-combined-civil-services-examination-ii-group-ii-iia,TNPSC Combined Civil Services Examination II (Group II/IIA),Tamil Nadu Public Service Commission,Candidate signature,candidate_signature,"min 10 KB, max 20 KB, jpg (ours: file_size.maximum_bytes, file_size.minimum_bytes, formats.allowed_formats)",The published size limit and size limit and accepted formats,This file's upload instructions in the current notice,https://tnpsc.gov.in/static_pdf/document/instructions-to-candidates_2025.pdf,,,,,,
partially_supported,tnpsc-combined-civil-services-examination-iv-group-iv-services,TNPSC Combined Civil Services Examination IV (Group IV Services),Tamil Nadu Public Service Commission,Candidate photograph,candidate_photograph,20-50 KB,"Exactly what must be printed on the photograph (name, date), where, and in what style",The notice's wording on the printed name and date,https://tnpsc.gov.in/static_pdf/document/instructions-to-candidates_2025.pdf,,,,,,
estimated_value,tnpsc-combined-civil-services-examination-iv-group-iv-services,TNPSC Combined Civil Services Examination IV (Group IV Services),Tamil Nadu Public Service Commission,Candidate signature,candidate_signature,"min 10 KB, max 20 KB, jpg (ours: formats.allowed_formats)",The published accepted formats,This file's upload instructions in the current notice,https://tnpsc.gov.in/static_pdf/document/instructions-to-candidates_2025.pdf,,,,,,
partially_supported,tnpsc-combined-technical-services-examination-2025,TNPSC Combined Technical Services Examination 2025,Tamil Nadu Public Service Commission,Candidate photograph,candidate_photograph,Uploaded candidate photograph; format: JPG; file size: 20-50 KB; dimensions: 130 x 170 px; 200 dpi; filename: Photograph.jpg; background: white; recency: within 90 days.,"Exactly what must be printed on the photograph (name, date), where, and in what style",The notice's wording on the printed name and date,https://www.tnpsc.gov.in/static_pdf/document/instructions-to-candiates.pdf,,,,,,
estimated_value,tnpsc-combined-technical-services-examination-2025,TNPSC Combined Technical Services Examination 2025,Tamil Nadu Public Service Commission,Supporting certificates for claims,supporting_certificates_for_claims,max 400 KB (ours: file_size.maximum_bytes),The published size limit,This file's upload instructions in the current notice,https://www.tnpsc.gov.in/static_pdf/document/instructions-to-candiates.pdf,,,,,,
no_researched_fact,tnpsc-combined-technical-services-examination-2025,TNPSC Combined Technical Services Examination 2025,Tamil Nadu Public Service Commission,Worth knowing,,Nothing shown,"3-6 facts about the examination itself (candidates, process, structure, history), each with its passage and publisher",See docs/research-requests facts prompt,https://www.tnpsc.gov.in/static_pdf/document/instructions-to-candiates.pdf,,,,,,
not_yet_supported,tspsc-group-iv-services,TSPSC Group IV Services,Telangana State Public Service Commission,Candidate photograph,candidate_photograph,not_found,"The file's size limit (KB) and accepted formats, or confirmation that the portal takes it as an upload",The upload instructions for this file in the current notice or portal guide,https://websitenew.tspsc.gov.in/,,,,,,
estimated_value,tspsc-group-iv-services,TSPSC Group IV Services,Telangana State Public Service Commission,Candidate signature,candidate_signature,"min 10 KB, max 20 KB, jpg (ours: file_size.maximum_bytes, file_size.minimum_bytes, formats.allowed_formats)",The published size limit and size limit and accepted formats,This file's upload instructions in the current notice,https://websitenew.tspsc.gov.in/,,,,,,
not_yet_supported,uppsc-combined-state-upper-subordinate-services-examination-pcs,UPPSC Combined State/Upper Subordinate Services Examination (PCS),Uttar Pradesh Public Service Commission,Candidate photograph,candidate_photograph,Photo uploaded during OTR; numeric/format technical rule is governed by UPPSC OTR instructions,"The file's size limit (KB) and accepted formats, or confirmation that the portal takes it as an upload",The upload instructions for this file in the current notice or portal guide,https://uppsc.up.nic.in/OuterPages/OnlineInstruction_English.html,,,,,,
estimated_value,uppsc-combined-state-upper-subordinate-services-examination-pcs,UPPSC Combined State/Upper Subordinate Services Examination (PCS),Uttar Pradesh Public Service Commission,Candidate signature,candidate_signature,"min 10 KB, max 20 KB, jpg (ours: file_size.maximum_bytes, file_size.minimum_bytes, formats.allowed_formats)",The published size limit and size limit and accepted formats,This file's upload instructions in the current notice,https://uppsc.up.nic.in/OuterPages/OnlineInstruction_English.html,,,,,,
estimated_value,uppsc-combined-state-upper-subordinate-services-examination-pcs,UPPSC Combined State/Upper Subordinate Services Examination (PCS),Uttar Pradesh Public Service Commission,Claim/qualification certificates,claim_qualification_certificates,max 400 KB (ours: file_size.maximum_bytes),The published size limit,This file's upload instructions in the current notice,https://uppsc.up.nic.in/OuterPages/OnlineInstruction_English.html,,,,,,
not_yet_supported,uppsc-one-time-registration,UPPSC One Time Registration,Uttar Pradesh Public Service Commission,Candidate photograph,candidate_photograph,Uploaded candidate photograph; file size: up to 50 KB.,"The file's size limit (KB) and accepted formats, or confirmation that the portal takes it as an upload",The upload instructions for this file in the current notice or portal guide,https://uppsc.up.nic.in/CMS/OTR_DOC/OTR_PHOTO_INSTRUCTION.pdf,,,,,,
estimated_value,uppsc-one-time-registration,UPPSC One Time Registration,Uttar Pradesh Public Service Commission,Candidate signature,candidate_signature,"max 30 KB, jpg (ours: formats.allowed_formats)",The published accepted formats,This file's upload instructions in the current notice,https://uppsc.up.nic.in/CMS/OTR_DOC/OTR_PHOTO_INSTRUCTION.pdf,,,,,,
estimated_value,uppsc-one-time-registration,UPPSC One Time Registration,Uttar Pradesh Public Service Commission,Claim-supporting certificates,claim_supporting_certificates,max 400 KB (ours: file_size.maximum_bytes),The published size limit,This file's upload instructions in the current notice,https://uppsc.up.nic.in/CMS/OTR_DOC/OTR_PHOTO_INSTRUCTION.pdf,,,,,,
not_yet_supported,uppsc-review-officer-assistant-review-officer,UPPSC Review Officer / Assistant Review Officer,Uttar Pradesh Public Service Commission,Candidate photograph,candidate_photograph,Photo uploaded during OTR; numeric/format technical rule is governed by UPPSC OTR instructions,"The file's size limit (KB) and accepted formats, or confirmation that the portal takes it as an upload",The upload instructions for this file in the current notice or portal guide,https://uppsc.up.nic.in/OuterPages/OnlineInstruction_English.html,,,,,,
estimated_value,uppsc-review-officer-assistant-review-officer,UPPSC Review Officer / Assistant Review Officer,Uttar Pradesh Public Service Commission,Candidate signature,candidate_signature,"min 10 KB, max 20 KB, jpg (ours: file_size.maximum_bytes, file_size.minimum_bytes, formats.allowed_formats)",The published size limit and size limit and accepted formats,This file's upload instructions in the current notice,https://uppsc.up.nic.in/OuterPages/OnlineInstruction_English.html,,,,,,
estimated_value,uppsc-review-officer-assistant-review-officer,UPPSC Review Officer / Assistant Review Officer,Uttar Pradesh Public Service Commission,Claim/qualification certificates,claim_qualification_certificates,max 400 KB (ours: file_size.maximum_bytes),The published size limit,This file's upload instructions in the current notice,https://uppsc.up.nic.in/OuterPages/OnlineInstruction_English.html,,,,,,
not_yet_supported,upsc-engineering-services-examination,UPSC Engineering Services Examination,Union Public Service Commission,Candidate photograph/profile image,candidate_photograph_profile_image,not_found,"The file's size limit (KB) and accepted formats, or confirmation that the portal takes it as an upload",The upload instructions for this file in the current notice or portal guide,https://www.upsc.gov.in/exams-related-info/exam-notification/archives,,,,,,
estimated_value,upsc-engineering-services-examination,UPSC Engineering Services Examination,Union Public Service Commission,Candidate signature,candidate_signature,"min 10 KB, max 20 KB, jpg (ours: file_size.maximum_bytes, file_size.minimum_bytes, formats.allowed_formats)",The published size limit and size limit and accepted formats,This file's upload instructions in the current notice,https://www.upsc.gov.in/exams-related-info/exam-notification/archives,,,,,,
not_yet_supported,upsc-engineering-services-examination,UPSC Engineering Services Examination,Union Public Service Commission,Photo identity document / application support document (where prompted),photo_identity_document_application_support_docu,not_found,"The file's size limit (KB) and accepted formats, or confirmation that the portal takes it as an upload",The upload instructions for this file in the current notice or portal guide,https://www.upsc.gov.in/exams-related-info/exam-notification/archives,,,,,,
unread_pixel_size,upsc-capf-assistant-commandants-examination-2026,UPSC CAPF (Assistant Commandants) Examination 2026,Union Public Service Commission,Triple-signature image,triple_signature_image,"Sign three times vertically, one below another, on plain white paper using black ink. Scan all three signatures in one clear, correctly oriented image. JPG; filename 'signature.jpg'; 20-100 KB; published image dimension 350-500 pixels. ","Whether the size is exact, preferred, a minimum or a range, and which number is width and which height",The size sentence as the notice prints it,https://upsconline.nic.in/ngrp/assets/PDF/instruction-photo-signature-upload-upsc.pdf,,,,,,
unread_pixel_size,upsc-civil-services-examination-2026,UPSC Civil Services Examination 2026,Union Public Service Commission,Triple-signature image,triple_signature_image,"Sign three times vertically, one below another, on plain white paper using black ink. Scan all three signatures in one clear, correctly oriented image. JPG; filename 'signature.jpg'; 20-100 KB; published image dimension 350-500 pixels. ","Whether the size is exact, preferred, a minimum or a range, and which number is width and which height",The size sentence as the notice prints it,https://upsconline.nic.in/ngrp/assets/PDF/instruction-photo-signature-upload-upsc.pdf,,,,,,
unread_pixel_size,upsc-combined-defence-services-examination-ii-2026,UPSC Combined Defence Services Examination (II) 2026,Union Public Service Commission,Triple-signature image,triple_signature_image,"Sign three times vertically, one below another, on plain white paper using black ink. Scan all three signatures in one clear, correctly oriented image. JPG; filename 'signature.jpg'; 20-100 KB; published image dimension 350-500 pixels. ","Whether the size is exact, preferred, a minimum or a range, and which number is width and which height",The size sentence as the notice prints it,https://upsconline.nic.in/ngrp/assets/PDF/instruction-photo-signature-upload-upsc.pdf,,,,,,
unread_pixel_size,upsc-nda-na-examination-ii-2026,UPSC NDA & NA Examination (II) 2026,Union Public Service Commission,Triple-signature image,triple_signature_image,"Sign three times vertically, one below another, on plain white paper using black ink. Scan all three signatures in one clear, correctly oriented image. JPG; filename 'signature.jpg'; 20-100 KB; published image dimension 350-500 pixels. ","Whether the size is exact, preferred, a minimum or a range, and which number is width and which height",The size sentence as the notice prints it,https://upsconline.nic.in/ngrp/assets/PDF/instruction-photo-signature-upload-upsc.pdf,,,,,,
not_yet_supported,upsssc-preliminary-eligibility-test-pet,UPSSSC Preliminary Eligibility Test (PET),Uttar Pradesh Subordinate Services Selection Commission,Candidate photograph,candidate_photograph,not_found,"The file's size limit (KB) and accepted formats, or confirmation that the portal takes it as an upload",The upload instructions for this file in the current notice or portal guide,https://upsssc.gov.in/,,,,,,
estimated_value,upsssc-preliminary-eligibility-test-pet,UPSSSC Preliminary Eligibility Test (PET),Uttar Pradesh Subordinate Services Selection Commission,Candidate signature,candidate_signature,"min 10 KB, max 20 KB, jpg (ours: file_size.maximum_bytes, file_size.minimum_bytes, formats.allowed_formats)",The published size limit and size limit and accepted formats,This file's upload instructions in the current notice,https://upsssc.gov.in/,,,,,,
estimated_value,wbpsc-wbcs-online-application,WBPSC / WBCS Online Application,West Bengal Public Service Commission,Claim-supporting certificates,claim_supporting_certificates,max 400 KB (ours: file_size.maximum_bytes),The published size limit,This file's upload instructions in the current notice,https://wbpsc.gov.in/pdf_file/Guideline.pdf,,,,,,
not_yet_supported,west-bengal-primary-teacher-eligibility-test,West Bengal Primary Teacher Eligibility Test,West Bengal Board of Primary Education,Candidate photograph,candidate_photograph,not_found,"The file's size limit (KB) and accepted formats, or confirmation that the portal takes it as an upload",The upload instructions for this file in the current notice or portal guide,https://www.wbbpeonline.com/,,,,,,
estimated_value,west-bengal-primary-teacher-eligibility-test,West Bengal Primary Teacher Eligibility Test,West Bengal Board of Primary Education,Candidate signature,candidate_signature,"min 10 KB, max 20 KB, jpg (ours: file_size.maximum_bytes, file_size.minimum_bytes, formats.allowed_formats)",The published size limit and size limit and accepted formats,This file's upload instructions in the current notice,https://www.wbbpeonline.com/,,,,,,
partially_supported,west-bengal-school-service-commission-slst-assistant-teacher-recruitment,West Bengal School Service Commission SLST Assistant Teacher Recruitment,West Bengal School Service Commission,Candidate photograph,candidate_photograph,JPG; 30-60 KB,"Exactly what must be printed on the photograph (name, date), where, and in what style",The notice's wording on the printed name and date,https://www.westbengalssc.com/otr/howToApply/,,,,,,
not_encoded,,AP EAPCET,,Whole examination,,no file size and no format,incomplete evidence,The examination's current application notice,,,,,,,
not_encoded,,Indian Army Agniveer CEE 2025-26 - rally/document verification,,Whole examination,,no file size and no format,incomplete evidence,The examination's current application notice,,,,,,,
not_encoded,,Indian Navy Agniveer SSR/MR Recruitment,,Whole examination,,no format,incomplete evidence,The examination's current application notice,,,,,,,
